Document_id,Page_Title,Top_Word_1,Frequency_1,Top_Word_2,Frequency_2,Top_Word_3,Frequency_3,Top_Word_4,Frequency_4,Top_Word_5,Frequency_5
Document 1,Chicken - Wikipedia,chicken,89,egg,28,hen,20,bird,16,junglefowl,15
Document 2,Carl Linnaeus - Wikipedia,linnaeus,179,plant,35,year,30,uppsala,29,first,23
Document 3,Red junglefowl - Wikipedia,junglefowl,59,red,34,male,22,gallus,16,chicken,16
Document 4,Southeast Asia - Wikipedia,asia,160,southeast,155,region,96,indonesia,63,country,55
Document 5,List of domesticated animals - Wikipedia,animal,7,specie,7,wild,5,domesticated,4,may,4
Document 6,Chicken as food - Wikipedia,chicken,96,meat,25,breast,16,food,12,piece,11
Document 7,Eggs as food - Wikipedia,egg,295,may,39,chicken,36,white,36,consumption,34
Document 8,Pet - Wikipedia,pet,137,animal,63,dog,56,owner,25,cat,24
Document 9,Broiler - Wikipedia,broiler,39,chicken,13,meat,13,growth,10,bird,10
Document 10,Poultry farming - Wikipedia,chicken,78,hen,50,poultry,45,egg,38,bird,37
Document 11,Cultural references to chickens - Wikipedia,rooster,80,cock,41,chicken,30,cockfight,18,religious,15
Document 12,Animal husbandry - Wikipedia,animal,74,livestock,32,pig,22,may,22,production,20
Document 13,William Shakespeare - Wikipedia,shakespeare,173,play,58,work,25,first,25,theatre,25
Document 14,Macbeth - Wikipedia,macbeth,216,play,107,king,70,shakespeare,64,witch,49
Document 15,Macduff (Macbeth) - Wikipedia,macbeth,45,macduff,43,duff,16,scotland,14,king,13
Document 16,Hen and Chicken Islands - Wikipedia,island,33,chicken,10,mi,10,hen,8,new,7
Document 17,Bird - Wikipedia,bird,293,specie,130,many,55,may,44,feather,37
Document 18,Diurnality - Wikipedia,animal,26,activity,21,diurnality,18,diurnal,18,nocturnal,12
Document 19,Junglefowl - Wikipedia,junglefowl,15,gallus,12,genus,10,female,6,specie,5
Document 20,Bird flight - Wikipedia,bird,99,wing,83,flight,61,lift,19,feather,18
Document 21,Flying and gliding animals - Wikipedia,animal,36,gliding,33,flight,29,specie,20,wing,20
